school_code,region_code,full_name,address,longitude,latitude,provider,connection_type,contract_down_mbps,contract_up_mbps
VKO-UK-001,UK,"""Гимназия №38 имени Льва Гумилева""","г. Усть-Каменогорск, Касыма Кайсенова 10",82.629141,49.944266,Провайдер А,fiber,100,100
VKO-UK-002,UK,"КГКП ""Восточно-Казахстанское училище искусств имени народных артистов братьев Абдуллиных"" УО ВКО","г. Усть-Каменогорск, 30-ой Гвардейской дивизии 4",82.606230,49.964940,Провайдер А,fiber,100,100
VKO-UK-003,UK,"КГУ ""ОШ №30""","г. Усть-Каменогорск, Лихарева 3",82.606234,49.946878,Провайдер А,fiber,100,100
VKO-UK-004,UK,"КГУ ""ОШ №47""","г. Усть-Каменогорск, Жастар 31\3",82.609748,49.906687,Провайдер А,fiber,100,100
VKO-UK-005,UK,"КГУ ""Областная специализированная школа-лицей для детей, одаренных в области математики, физики, информатики""","г. Усть-Каменогорск, Новаторов 9А",82.645793,49.951509,Провайдер А,fiber,100,100
VKO-UK-006,UK,"КГУ ""Областная специализированная школа-лицей-интернат для одаренных детей""","г. Усть-Каменогорск, Западный 96",82.566197,49.994394,Провайдер А,fiber,100,100
VKO-UK-007,UK,"КГУ ""Общеобразовательная школа № 2""","г. Усть-Каменогорск, Мухамеджана Тынышпаева 113",82.571996,50.002544,Провайдер А,fiber,100,100
VKO-UK-008,UK,"КГУ ""Основная средняя школа №14""","г. Усть-Каменогорск, Ватутина 5",82.674826,49.927604,Провайдер А,fiber,100,100
VKO-UK-009,UK,"КГУ ""Основная средняя школа-интернат""","г. Усть-Каменогорск, Потанина 10",82.599944,49.960033,Провайдер А,fiber,100,100
VKO-UK-010,UK,"КГУ ""СШ № 1 имени Шакарима""","г. Усть-Каменогорск, КАСЫМ КАЙСЕНОВА 119/1",82.610678,49.949531,Провайдер А,fiber,100,100
VKO-UK-011,UK,"КГУ ""СШ № 15""","г. Усть-Каменогорск, Севастопольская 6",82.580613,49.964023,Провайдер А,fiber,100,100
VKO-UK-012,UK,"КГУ ""СШ № 17 имени М. Ауэзова""","г. Усть-Каменогорск, имени Е.П. Славского 42",82.598932,49.947826,Провайдер А,fiber,100,100
VKO-UK-013,UK,"КГУ ""СШ № 18""","г. Усть-Каменогорск, Согринская 138А",82.703130,50.016503,Провайдер А,fiber,100,100
VKO-UK-014,UK,"КГУ ""СШ № 22""","г. Усть-Каменогорск, Мухамеджана Тынышпаева 120",82.569084,50.007417,Провайдер А,fiber,100,100
VKO-UK-015,UK,"КГУ ""СШ № 23 имени М.Шаяхметова""","г. Усть-Каменогорск, Усть-Каменогорская 11",82.733361,50.029335,Провайдер А,fiber,100,100
VKO-UK-016,UK,"КГУ ""СШ № 27""","г. Усть-Каменогорск, Бажова 339/1",82.548467,50.011205,Провайдер А,fiber,100,100
VKO-UK-017,UK,"КГУ ""СШ № 35""","г. Усть-Каменогорск, Кабанбай батыра 132",82.637611,49.953627,Провайдер А,fiber,100,100
VKO-UK-018,UK,"КГУ ""СШ № 36""","г. Усть-Каменогорск, Кабанбай батыра 160",82.628086,49.955196,Провайдер А,fiber,100,100
VKO-UK-019,UK,"КГУ ""СШ №16 имени Заки Ахметова""","г. Усть-Каменогорск, Шакарима 89",82.611825,49.967177,Провайдер А,fiber,100,100
VKO-UK-020,UK,"КГУ ""СШ №32""","г. Усть-Каменогорск, Западный 14",82.575407,49.988825,Провайдер А,fiber,100,100
VKO-UK-021,UK,"КГУ ""СШ №39""","г. Усть-Каменогорск, Сағадат Нұрмағамбетов 12а",82.633746,49.949262,Провайдер А,fiber,100,100
VKO-UK-022,UK,"КГУ ""СШ №4"" имени Сагадата Нурмагамбетова""","г. Усть-Каменогорск, Мызы 19",82.639537,49.956314,Провайдер А,fiber,100,100
VKO-UK-023,UK,"КГУ ""СШ №5""","г. Усть-Каменогорск, Алтайская 36",82.661634,49.945617,Провайдер А,fiber,100,100
VKO-UK-024,UK,"КГУ ""СШ №6""","г. Усть-Каменогорск, Прибрежная 85/1",82.659911,49.921911,Провайдер А,fiber,100,100
VKO-UK-025,UK,"КГУ ""СШ №7""","г. Усть-Каменогорск, Гагарина 8",82.586298,49.972508,Провайдер А,fiber,100,100
VKO-UK-026,UK,"КГУ ""СШ №9""","г. Усть-Каменогорск, Абая 5в",82.611298,49.960725,Провайдер А,fiber,100,100
VKO-UK-027,UK,"КГУ ""Специальная школа-детский сад №14 (для слабовидящих детей)""","г. Усть-Каменогорск, Виноградова 10/1",82.586853,49.963303,Провайдер А,fiber,100,100
VKO-UK-028,UK,"КГУ ""Специальная школа-интернат №8""","г. Усть-Каменогорск, ПРИБРЕЖНАЯ 81/1",82.659864,49.922079,Провайдер А,fiber,100,100
VKO-UK-029,UK,"КГУ ""Средняя многопрофильная школа №37""","г. Усть-Каменогорск, Амурская 12",82.595080,49.964662,Провайдер А,fiber,100,100
VKO-UK-030,UK,"КГУ ""Средняя школа № 20 имени Ахмета Байтурсынова""","г. Усть-Каменогорск, Алматинская 54",82.599719,49.967695,Провайдер А,fiber,100,100
VKO-UK-031,UK,"КГУ ""Средняя школа № 26""","г. Усть-Каменогорск, Утепова 1",82.615690,49.897566,Провайдер А,fiber,100,100
VKO-UK-032,UK,"КГУ ""Средняя школа № 42""","г. Усть-Каменогорск, Воронина 34",82.659696,49.897946,Провайдер А,fiber,100,100
VKO-UK-033,UK,"КГУ ""Средняя школа №13""","г. Усть-Каменогорск, Правды 3",82.692123,49.893779,Провайдер А,fiber,100,100
VKO-UK-034,UK,"КГУ ""Средняя школа №8""","г. Усть-Каменогорск, Д.Бедного 26",82.568280,49.977494,Провайдер А,fiber,100,100
VKO-UK-035,UK,"КГУ ""ШЛ № 11""","г. Усть-Каменогорск, Тимирязева 177",82.603247,49.966431,Провайдер А,fiber,100,100
VKO-UK-036,UK,"КГУ ""Школа-лицей № 43 им. К.Нургалиева""","г. Усть-Каменогорск, Әміре Қашаубаева 7",82.604806,49.955914,Провайдер А,fiber,100,100
VKO-UK-037,UK,"КГУ ""Школа-центр дополнительного образования №19""","г. Усть-Каменогорск, Кабанбай батыра 74",82.651092,49.946447,Провайдер А,fiber,100,100
VKO-UK-038,UK,"КГУ ""Школа-центр дополнительного образования №29""","г. Усть-Каменогорск, Д.Менделеева 6",82.594913,49.970921,Провайдер А,fiber,100,100
VKO-UK-039,UK,"КГУ ""Школа-центр дополнительного образования №48""","г. Усть-Каменогорск, Увалиева 6",82.614477,49.892478,Провайдер А,fiber,100,100
VKO-UK-040,UK,КГУ «Валеологическая специализированная школа-комплекс для одаренных детей»,"г. Усть-Каменогорск, Абая 11/1",82.612906,49.962567,Провайдер А,fiber,100,100
VKO-UK-041,UK,КГУ «Лицей №44 имени Оралхана Бокея»,"г. Усть-Каменогорск, Каныша Сатпаева 8/3",82.618680,49.900816,Провайдер А,fiber,100,100
VKO-UK-042,UK,КГУ «Профильная школа»,"г. Усть-Каменогорск, Гастелло 14",82.609622,49.974672,Провайдер А,fiber,100,100
VKO-UK-043,UK,КГУ «Средняя школа №46»,"г. Усть-Каменогорск, Кокжал Барака 8/2",82.615000,49.893055,Провайдер А,fiber,100,100
VKO-UK-044,UK,КГУ «Школа-гимназия №10»,"г. Усть-Каменогорск, Потанина 25/2",82.601179,49.956912,Провайдер А,fiber,100,100
VKO-UK-045,UK,КГУ «Школа-лицей №3 имени Шокана Уалиханова»,"г. Усть-Каменогорск, Крылова 35",82.618200,49.944264,Провайдер А,fiber,100,100
VKO-UK-046,UK,КГУ «Школа-лицей №34»,"г. Усть-Каменогорск, Нурсултана Назарбаева 30/1",82.605920,49.962575,Провайдер А,fiber,100,100
VKO-UK-047,UK,КГУ ВКО специализированный лицей «БІЛІМ-ИННОВАЦИЯ» для одаренных детей,"г. Усть-Каменогорск, Лихарева 5",82.604789,49.946803,Провайдер А,fiber,100,100
VKO-UK-048,UK,"Учреждение ""Частная бизнес-школа ""Бриг""","г. Усть-Каменогорск, Протазанова 115",82.598777,49.949200,Провайдер А,fiber,100,100
VKO-UK-049,UK,"Школа, г. Усть-Каменогорск, Сатпаева 82","г. Усть-Каменогорск, Сатпаева 82",82.622802,49.917312,Провайдер А,fiber,100,100
VKO-UK-050,UK,"Школа, г. Усть-Каменогорск, Чкалова 34","г. Усть-Каменогорск, Чкалова 34",82.666718,49.951762,Провайдер А,fiber,100,100
VKO-UK-051,UK,"Школа, г. Усть-Каменогорск, ИМЕНИ ЖАКЫПБЕКА МАЛДЫБАЕВА 170","г. Усть-Каменогорск, ИМЕНИ ЖАКЫПБЕКА МАЛДЫБАЕВА 170",82.669155,49.918242,Провайдер А,fiber,100,100
VKO-UK-052,UK,"Школа, г. Усть-Каменогорск, Әміре Қашаубаева 30/1","г. Усть-Каменогорск, Әміре Қашаубаева 30/1",82.598631,49.955927,Провайдер А,fiber,100,100
VKO-UK-053,UK,"Школа, г. Усть-Каменогорск, Гоголя 28","г. Усть-Каменогорск, Гоголя 28",82.592131,49.976088,Провайдер А,fiber,100,100
VKO-UK-054,UK,"Школа, г. Усть-Каменогорск, К.Сатпаева 3/1","г. Усть-Каменогорск, К.Сатпаева 3/1",82.624657,49.896506,Провайдер А,fiber,100,100
VKO-UK-055,UK,"Школа, г. Усть-Каменогорск, Революционная 2/1","г. Усть-Каменогорск, Революционная 2/1",82.582753,49.964448,Провайдер А,fiber,100,100
VKO-UK-056,UK,"Школа, г. Усть-Каменогорск, Қанипа Бітібаева 12/1","г. Усть-Каменогорск, Қанипа Бітібаева 12/1",82.592831,49.965113,Провайдер А,fiber,100,100
VKO-UK-057,UK,"Школа, г. Усть-Каменогорск, Севастопольская 6/2","г. Усть-Каменогорск, Севастопольская 6/2",82.583250,49.963989,Провайдер А,fiber,100,100
VKO-UK-058,UK,"Школа, г. Усть-Каменогорск, Каныша Сатпаева 26/1","г. Усть-Каменогорск, Каныша Сатпаева 26/1",82.620742,49.905058,Провайдер А,fiber,100,100
VKO-UK-059,UK,"Частная школа, г. Усть-Каменогорск, Нурсултана Назарбаева 5/2","г. Усть-Каменогорск, Нурсултана Назарбаева 5/2",82.627857,49.948313,Провайдер А,fiber,100,100
VKO-UK-060,UK,"Частная школа, г. Усть-Каменогорск, Каныша Сатпаева 53","г. Усть-Каменогорск, Каныша Сатпаева 53",82.627012,49.922073,Провайдер А,fiber,100,100
VKO-UK-061,UK,"Частная школа, г. Усть-Каменогорск, Кабанбай батыра 111/1","г. Усть-Каменогорск, Кабанбай батыра 111/1",82.628459,49.952178,Провайдер А,fiber,100,100
VKO-UK-062,UK,"КГУ ""Ахмеровская СШ""","с. Ново-Ахмирово, Военный городок №1 7",82.499669,49.938232,Провайдер А,fiber,50,50
VKO-UK-063,UK,"КГУ ""Ново-Троицкая основная средняя школа""","с. Ново-Троицкое, Школьная 4",82.892777,49.812777,Провайдер Б,radio,10,10
VKO-UK-064,UK,"КГУ ""СШ № 33 имени Абая""","с. Ново-Явленка, Мустафа Шокай 48",82.489211,49.969224,Провайдер А,fiber,50,50
VKO-UK-065,UK,"КГУ ""Общеобразовательная школа №49""","с. Ахмирово, Жанажол 66",82.512287,49.942688,Провайдер А,fiber,50,50
VKO-UK-066,UK,"КГУ ""Меновновская средняя школа""","с. Меновное, Новая 15",82.574722,49.934657,Провайдер А,fiber,50,50
VKO-RID-001,RID,"КГУ ""Многопрофильная школа-гимназия ""Шаңырақ""","г. Риддер, Безголосова 16",83.513045,50.342264,Провайдер А,fiber,100,100
VKO-RID-002,RID,"КГУ ""ОСШ № 9""","г. Риддер, Индустриальная 15",83.540221,50.367958,Провайдер А,fiber,100,100
VKO-RID-003,RID,"КГУ ""Основная средняя школа им. М. Горького""","г. Риддер, Луговая 4",83.376370,50.265919,Провайдер А,fiber,100,100
VKO-RID-004,RID,"КГУ ""СШ № 16""","г. Риддер, Л.Толстого 24А",83.457786,50.325796,Провайдер А,fiber,100,100
VKO-RID-005,RID,"КГУ ""СШ № 17""","г. Риддер, Буровая 3",83.340365,50.259113,Провайдер А,fiber,100,100
VKO-RID-006,RID,"КГУ ""СШ №14""","г. Риддер, Третий 23",83.494463,50.329522,Провайдер А,fiber,100,100
VKO-RID-007,RID,"КГУ ""СШ №2""","г. Риддер, Кунаева 27",83.497781,50.332531,Провайдер А,fiber,100,100
VKO-RID-008,RID,"КГУ ""Специальная школа-интернат №7""","г. Риддер, Ш.Уалиханова 46",83.502124,50.332692,Провайдер А,fiber,100,100
VKO-RID-009,RID,"КГУ ""Средняя школа № 12""","г. Риддер, Курека 45",83.518880,50.340515,Провайдер А,fiber,100,100
VKO-RID-010,RID,"КГУ ""Средняя школа №5""","г. Риддер, В.Клинка 11",83.501865,50.337889,Провайдер А,fiber,100,100
VKO-RID-011,RID,"КГУ ""Сш № 10""","г. Риддер, Тохтарова 17А",83.505621,50.341388,Провайдер А,fiber,100,100
VKO-RID-012,RID,"КГУ ""Школа - лицей №1""","г. Риддер, КИРОВА 90",83.529055,50.345629,Провайдер А,fiber,100,100
VKO-RID-013,RID,"Школа, г. Риддер, Четвертый 27","г. Риддер, Четвертый 27",83.501259,50.324363,Провайдер А,fiber,100,100
VKO-RID-014,RID,"Школа, г. Риддер, Четвертый 28","г. Риддер, Четвертый 28",83.502016,50.325395,Провайдер А,fiber,100,100
VKO-RID-015,RID,"Школа, г. Риддер, Семипалатинская 10","г. Риддер, Семипалатинская 10",83.506329,50.338860,Провайдер А,fiber,100,100
VKO-RID-016,RID,"КГУ ""ОСШ с. Бутаково""","с. Бутаково, Целинная 33/1",83.236505,50.258612,Провайдер Б,radio,10,10
VKO-RID-017,RID,"Школа, с. Лесное, Сосновая 45 А","с. Лесное, Сосновая 45 А",83.254926,50.245447,Провайдер Б,adsl,20,1
VKO-RID-018,RID,"КГУ ""ОСШ с. Поперечное""","с. Поперечное, Новая 1/1",83.821929,50.411786,Провайдер Б,radio,10,10
VKO-ALT-001,ALT,"КГУ ""НШ № 2""","г. Алтай, Рудная 26",84.293722,49.720966,Провайдер А,fiber,100,100
VKO-ALT-002,ALT,"КГУ ""Начальная школа № 1 города Алтай""","г. Алтай, Бурнашова 1",84.277500,49.721111,Провайдер А,fiber,100,100
VKO-ALT-003,ALT,"КГУ ""СШ № 11""","г. Алтай, Брилина 31",84.262201,49.726052,Провайдер А,fiber,100,100
VKO-ALT-004,ALT,"КГУ ""СШ № 6""","г. Алтай, Солнечная 13",84.256505,49.713062,Провайдер А,fiber,100,100
VKO-ALT-005,ALT,"КГУ ""СШ № 8""","г. Алтай, Жаксыбаева 1",84.283902,49.722767,Провайдер А,fiber,100,100
VKO-ALT-006,ALT,"КГУ ""СШ № 9""","г. Алтай, Комарова 8",84.248489,49.712741,Провайдер А,fiber,100,100
VKO-ALT-007,ALT,"КГУ ""Средняя школа № 7 города Алтай""","г. Алтай, Ломоносова 59",84.256190,49.742255,Провайдер А,fiber,100,100
VKO-ALT-008,ALT,"КГУ ""ШЛ города Алтай""","г. Алтай, Спортивная 84",84.280744,49.725441,Провайдер А,fiber,100,100
VKO-ALT-009,ALT,КГУ «Специальная школа-интернат № 1»,"г. Алтай, Бухтарминская 127",84.254508,49.730278,Провайдер А,fiber,100,100
VKO-ALT-010,ALT,"Школа, г. Алтай, Рудная 2","г. Алтай, Рудная 2",84.293244,49.716507,Провайдер А,fiber,100,100
VKO-ALT-011,ALT,"КГУ ""Основная школа №2 города Серебрянска""","г. Серебрянск, Ленина 2",83.305709,49.677804,Провайдер А,fiber,100,100
VKO-ALT-012,ALT,"КГУ ""СШ № 1 им. М.В. Инюшина","г. Серебрянск, Серебрянская 146",83.276968,49.682297,Провайдер А,fiber,100,100
VKO-ALT-013,ALT,"КГУ ""Средняя школа № 4 города Серебрянска""","г. Серебрянск, Некрасова 26",83.289126,49.679957,Провайдер А,fiber,100,100
VKO-ALT-014,ALT,"Школа, г. Серебрянск, Серебрянская 156","г. Серебрянск, Серебрянская 156",83.270533,49.683087,Провайдер А,fiber,100,100
VKO-ALT-015,ALT,"Школа, г. Серебрянск, Почтовая 3","г. Серебрянск, Почтовая 3",83.300719,49.681049,Провайдер А,fiber,100,100
VKO-ALT-016,ALT,"КГУ ""Никольская СШ""","с. Никольск, Школьная 6",83.944408,49.571095,Провайдер Б,radio,10,10
VKO-ALT-017,ALT,"КГУ ""Ново-Бухтарминская СШ №2""","с. Новая Бухтарма, 7 30",83.518554,49.626506,Провайдер А,fiber,50,50
VKO-ALT-018,ALT,"КГУ ""Ново-Бухтарминская средняя школа № 1 акимата района Алтай""","с. Новая Бухтарма, 2 34/2",83.516718,49.630680,Провайдер Б,adsl,20,1
VKO-ALT-019,ALT,"КГУ ""Новокрестьянская НШ""","с. Ново-Крестьянка, Центральная 2/1",84.430229,49.632838,Провайдер Б,radio,10,10
VKO-ALT-020,ALT,"КГУ ""Бородинская средняя школа""","с. Бородино, Садовая 27",84.092722,49.499888,Провайдер Б,radio,10,10
VKO-ALT-021,ALT,"КГУ ""Быковская ОШ""","с. Быково, Школьная 1",84.567229,49.714382,Провайдер Б,radio,10,10
VKO-ALT-022,ALT,"КГУ ""Васильевская начальная школа","с. Васильевка, Верхняя 16/1",83.650178,49.741411,Провайдер Б,radio,10,10
VKO-ALT-023,ALT,"КГУ ""Дородницкая ОШ""","с. Дородница, Школьная 10",83.769271,49.751043,Провайдер Б,radio,10,10
VKO-ALT-024,ALT,"КГУ ""Зубовская СШ""","с. Зубовка, Железнодорожная 46",84.272611,49.786070,Провайдер Б,adsl,20,1
VKO-ALT-025,ALT,"КГУ ""Крестовская начальная школа""","с. Крестовка, Достык 31",84.010446,49.714336,Провайдер Б,radio,10,10
VKO-ALT-026,ALT,"КГУ ""Леснопристанская средняя школа""","с. Малеевск, Бухтарминская 106",84.290372,49.814512,Провайдер Б,adsl,20,1
VKO-ALT-027,ALT,"КГУ ""Маякская средняя школа""","с. Маяк, Школьная 3",84.337199,49.685349,Провайдер Б,radio,10,10
VKO-ALT-028,ALT,"КГУ ""Октябрьская средняя школа","с. Октябрьский, Центральная 4/1",83.588650,49.629184,Провайдер Б,adsl,20,1
VKO-ALT-029,ALT,"КГУ ""СШ имени Михаила Бикетова""","с. Парыгино, Победы 1",84.126931,49.807878,Провайдер Б,adsl,20,1
VKO-ALT-030,ALT,"КГУ ""Подорловская НШ""","с. Подорленок, Солнечная 1а",84.234482,49.632461,Провайдер Б,radio,10,10
VKO-ALT-031,ALT,"КГУ ""Первороссийская СШ""","с. Полянское, Фрунзе 6",83.851388,49.717777,Провайдер Б,adsl,20,1
VKO-ALT-032,ALT,"КГУ ""Путинцевская средняя школа""","с. Путинцево, Матросова 17",84.331181,49.861089,Провайдер Б,radio,10,10
VKO-ALT-033,ALT,"КГУ ""Северная ОШ""","с. Северное, Береговая 6",83.141534,49.817682,Провайдер Б,radio,10,10
VKO-ALT-034,ALT,"КГУ ""НШ имени Михаила Харина""","с. Снегирево, Независимости 18",84.069111,49.748700,Провайдер Б,radio,10,10
VKO-ALT-035,ALT,"КГУ ""Соловьевская СШ""","с. Соловьево, Копылова 18",84.343037,49.623641,Провайдер Б,adsl,20,1
VKO-ALT-036,ALT,"КГУ ""Средигорненская средняя школа""","с. Средигорное, Центральная 42",84.390555,49.513055,Провайдер Б,radio,10,10
VKO-ALT-037,ALT,"КГУ ""Тургусунская средняя школа""","с. Тургусун, Достык 17",84.008652,49.767925,Провайдер Б,adsl,20,1
VKO-ALT-038,ALT,"Школа, с. Феклистовка, Школьная 1А","с. Феклистовка, Школьная 1А",83.085570,49.921338,Провайдер Б,radio,10,10
VKO-ALT-039,ALT,"КГУ ""Чапаевская СШ""","с. Чапаево, Восточная 20",84.057471,49.682922,Провайдер Б,adsl,20,1
VKO-ALT-040,ALT,"КГУ ""Чиркаинская основная школа""","с. Чиркаин, Школьная 6",84.284855,49.431603,Провайдер Б,radio,10,10
VKO-GLU-001,GLU,"КГУ ""Ново-Иртышская средняя школа""","с. Алтайский, Советская 9",82.363027,50.246251,Провайдер Б,adsl,20,1
VKO-GLU-002,GLU,"КГУ ""Белокаменская основная школа""","с. Белокаменка, Шоссейная 2/1",82.582464,50.177565,Провайдер Б,radio,10,10
VKO-GLU-003,GLU,"КГУ ""Белоусовская ОШ""","с. Белоусовка, М.Горького 20А",82.539669,50.135081,Провайдер А,fiber,50,50
VKO-GLU-004,GLU,"КГУ ""Белоусовская СШ №1""","с. Белоусовка, Центральная 61",82.518395,50.123577,Провайдер А,fiber,50,50
VKO-GLU-005,GLU,"КГУ ""Комплекс ""Белоусовская начальная школа-детский сад""","с. Белоусовка, Рабочая 36",82.535052,50.138318,Провайдер А,fiber,50,50
VKO-GLU-006,GLU,"КГУ ""Березовская средняя школа""","с. Березовка, Д.Кунаева 15",82.130184,50.233257,Провайдер Б,adsl,20,1
VKO-GLU-007,GLU,"КГУ ""Средняя школа имени Ахмета Байтурсынулы""","с. Бобровка, Профсоюзная 33",82.718616,50.159131,Провайдер Б,adsl,20,1
VKO-GLU-008,GLU,"КГУ ""Комплекс ""Быструшинская средняя школа - детский сад""","с. Быструха, Новостройка 15",82.712184,50.381917,Провайдер Б,adsl,20,1
VKO-GLU-009,GLU,"КГУ ""Верх-Березовская средняя школа""","с. Верхнеберезовка, Калинина 8",82.225225,50.271963,Провайдер Б,adsl,20,1
VKO-GLU-010,GLU,"КГУ ""Комплекс"" Верх-Берёзовская начальная школа-детский сад""","с. Верхнеберезовка, ШКОЛЬНАЯ 10",82.223660,50.271458,Провайдер Б,radio,10,10
VKO-GLU-011,GLU,"КГУ ""Веселовская СОШ""","с. Веселовка, Гагарина 33",82.334579,50.307780,Провайдер Б,adsl,20,1
VKO-GLU-012,GLU,"КГУ ""Винненская средняя школа""","с. Винное, Ворошилова 15",82.826583,50.057832,Провайдер Б,adsl,20,1
VKO-GLU-013,GLU,"КГУ ""Глубоковская средняя школа имени Ы.Алтынсарина""","с. Глубокое, Поповича 34а",82.317685,50.150216,Провайдер А,fiber,50,50
VKO-GLU-014,GLU,"КГУ ""Казахская СШ имени Оралхана Бокея""","с. Глубокое, 4 1А",82.324189,50.148697,Провайдер А,fiber,50,50
VKO-GLU-015,GLU,"КГУ ""Кожоховская СШ""","с. Кожохово, Школьная 1А",82.298058,50.199091,Провайдер Б,adsl,20,1
VKO-GLU-016,GLU,"КГУ ""Малоубинская средняя школа""","с. Малоубинка, Клиновицкого 1",82.663079,50.452749,Провайдер Б,adsl,20,1
VKO-GLU-017,GLU,"КГУ ""Опытнопольская средняя школа""","с. Опытное поле, Дачная 3",82.547307,50.029944,Провайдер А,fiber,50,50
VKO-GLU-018,GLU,"КГУ ""СШ имени Малика Габдуллина""","с. Перевальное, БЕРЕЗОВСКАЯ 5",82.291025,50.237745,Провайдер Б,adsl,20,1
VKO-GLU-019,GLU,"КГУ ""Средняя школа имени Динмухамеда Кунаева""","с. Прапорщиково, Школьная 30",82.468781,50.046694,Провайдер А,fiber,50,50
VKO-GLU-020,GLU,"КГУ ""Комплекс ""Предгорненская средняя школа-детский сад""","с. Предгорное, Кирова 52",82.225994,50.238998,Провайдер Б,adsl,20,1
VKO-GLU-021,GLU,"КГУ ""Предгорненская средняя школа №1""","с. Предгорное, Предгорное 2 в",82.254488,50.262483,Провайдер Б,adsl,20,1
VKO-GLU-022,GLU,"КГУ ""Прогрессовская средняя школа""","с. Прогресс, Кирова 2",82.392185,50.135477,Провайдер Б,adsl,20,1
VKO-GLU-023,GLU,"КГУ ""Комплекс Секисовская средняя школа-детский сад""","с. Секисовка, НОВОСТРОЕВСКАЯ 1А",82.582856,50.322444,Провайдер Б,adsl,20,1
VKO-GLU-024,GLU,"КГУ ""Комплекс ""Степновская основная школа-детский сад""","с. Степное, Школьная 17",82.684540,49.974716,Провайдер Б,adsl,20,1
VKO-GLU-025,GLU,"КГУ ""Комплекс ""Тарханская средняя школа- детский сад""","с. Тарханка, Степная 62",82.951353,50.126587,Провайдер Б,adsl,20,1
VKO-GLU-026,GLU,"КГУ ""Уваровская средняя школа""","с. Уварово, Ленина 12",82.381204,50.074275,Провайдер Б,adsl,20,1
VKO-GLU-027,GLU,"КГУ ""СШ имени Бауыржана Момышулы""","с. Ушаново, Школьная 1А",82.736753,49.967393,Провайдер Б,adsl,20,1
VKO-GLU-028,GLU,"КГУ ""Черемшанская СШ""","с. Черемшанка, Школьный 2",83.062439,50.277550,Провайдер Б,adsl,20,1
VKO-ZAI-001,ZAI,КГУ «Средняя школа имени М.Ауэзова»,"г. Зайсан, Богенбая 39",84.886851,47.469482,Провайдер А,fiber,100,100
VKO-ZAI-002,ZAI,КГУ «Средняя школа имени М.В.Ломоносова»,"г. Зайсан, Манапова 6",84.871868,47.462841,Провайдер А,fiber,100,100
VKO-ZAI-003,ZAI,КГУ «Средняя школа имени Ю.Гагарина»,"г. Зайсан, БОКАЖАНОВА 64",84.893033,47.464428,Провайдер А,fiber,100,100
VKO-ZAI-004,ZAI,КГУ «Школа-интернат имени М.Дауленова»,"г. Зайсан, Шанина 2",84.863243,47.475469,Провайдер А,fiber,100,100
VKO-ZAI-005,ZAI,КГУ «Школа-лицей имени Х.Мустафиной»,"г. Зайсан, А.Жангельдина 52А",84.875872,47.467848,Провайдер А,fiber,100,100
VKO-ZAI-006,ZAI,КГУ «Айнабулакская средняя школа»,"с. Айнабулак, ФАТИМЫ БАРИЕВОЙ 4",84.992541,47.505026,Провайдер А,fiber,50,50
VKO-ZAI-007,ZAI,КГУ «Малокомплектная основная средняя школа имени М.Маметовой»,"с. Бакасу, 1-УСЛОВНЫЙ 2",84.837691,47.551972,Провайдер В,satellite,10,2
VKO-ZAI-008,ZAI,КГУ «Средняя школа имени Амангельды»,"с. Биржан, АМАНКЕЛДИ 23",84.941073,47.718361,Провайдер Б,adsl,20,1
VKO-ZAI-009,ZAI,КГУ «Средняя школа имени Мукарама»,"с. Дайыр, Ж.Бітімбаев 18",84.987806,47.625544,Провайдер Б,adsl,20,1
VKO-ZAI-010,ZAI,КГУ «Средняя школа Шекарашы»,"с. Жалшы, Зейноллы Бутабайулы 57",84.470800,47.155469,Провайдер В,satellite,10,2
VKO-ZAI-011,ZAI,КГУ «Основная средняя школа имени Жамбыла»,"с. Жамбыл, 2-Условный 3",85.016555,47.580778,Провайдер В,satellite,10,2
VKO-ZAI-012,ZAI,КГУ «Малокомплектная основная средняя школа Жанатурмыс»,"с. Жанатурмыс, 1-УСЛОВНЫЙ 8",84.869355,47.371014,Провайдер В,satellite,10,2
VKO-ZAI-013,ZAI,КГУ «Средняя школа Жарсу»,"с. Жарсу, Какетая Кымызбаева 16",84.777747,47.551509,Провайдер Б,adsl,20,1
VKO-ZAI-014,ZAI,"КГУ ""Аккайнарская средняя школа""","с. Кайнар, САУЫРБАЕВА 4",84.958448,47.544518,Провайдер В,satellite,10,2
VKO-ZAI-015,ZAI,"КГУ ""Средняя школа имени Абая""","с. Карабулак, АБАЯ КУНАНБАЙУЛЫ 9",84.683018,47.551353,Провайдер А,fiber,50,50
VKO-ZAI-016,ZAI,"КГУ ""Малокомплектная начальная школа Карасай""","с. Карасай, Карасая 11",84.747174,47.088526,Провайдер В,satellite,10,2
VKO-ZAI-017,ZAI,КГУ «Каратальская средняя школа»,"с. Каратал, Абдираша Кебаева 80",85.171888,47.613230,Провайдер А,fiber,50,50
VKO-ZAI-018,ZAI,КГУ «Кенсайская средняя школа»,"с. Кенсай, НУГЫМАНОВА 1",84.774041,47.478348,Провайдер Б,adsl,20,1
VKO-ZAI-019,ZAI,КГУ «Средняя школа Когедай»,"с. Когедай, 4-Условный 1",85.073927,47.579807,Провайдер Б,adsl,20,1
VKO-ZAI-020,ZAI,КГУ «Основная средняя школа Мужыксу»,"с. Кокжыра, МУКЫША КУШИКОВА 26",84.938296,47.658438,Провайдер В,satellite,10,2
VKO-ZAI-021,ZAI,"КГУ ""Малокомплектная основная средняя школа имени А.Орманбетова""","с. Куаныш, 5-Условный 1",84.959691,47.676278,Провайдер В,satellite,10,2
VKO-ZAI-022,ZAI,КГУ «Малокомплектная основная средняя школа Саржыра»,"с. Сарыжыра, Елубая Какашулы 52",84.892842,47.602301,Провайдер В,satellite,10,2
VKO-ZAI-023,ZAI,КГУ «Средняя школа Сарытерек»,"с. Сарытерек, Шокея Сакибаева 1А",85.163956,47.502276,Провайдер Б,adsl,20,1
VKO-ZAI-024,ZAI,КГУ «Малокомплектная основная средняя школа Тасбастау»,"с. Тасбастау, Коныр Мажитулы 9",84.556010,47.221246,Провайдер В,satellite,10,2
VKO-ZAI-025,ZAI,КГУ «Средняя школа Казахстан»,"с. Улкен Каратал, Маутена Калимолдина 152",85.240684,47.625225,Провайдер Б,adsl,20,1
VKO-ZAI-026,ZAI,"КГУ ""Малокомплектная начальная школа им. С.Бикадамова""","с. Шалкар, Әлкен Байботанов 16",85.119778,47.597672,Провайдер В,satellite,10,2
VKO-ZAI-027,ZAI,КГУ «Средняя школа Шиликты»,"с. Шиликты, Калым Кунафияулы 1",84.530647,47.171131,Провайдер Б,adsl,20,1
VKO-ZAI-028,ZAI,"КГУ ""Комплекс-школа детский сад имени Майлина""","с. Шолакорда, 2 Микрорайон 35",84.446947,47.549773,Провайдер В,satellite,10,2
VKO-KAT-001,KAT,"КГУ ""Аккайнарская СШ""","с. Аккайнар, Алтынсарина 1",85.879151,49.228157,Провайдер В,satellite,10,2
VKO-KAT-002,KAT,"КГУ ""Аксуская СШ""","с. Аксу, Тауелсиздик 43/2",85.416166,49.364562,Провайдер В,satellite,10,2
VKO-KAT-003,KAT,"КГУ ""Арчатинская СШ""","с. Аршаты, Мектеп 19",86.571070,49.287955,Провайдер В,satellite,10,2
VKO-KAT-004,KAT,"КГУ ""Барлыкская средняя школа""","с. Барлык, (Советская) Абая (79) 27",85.167388,49.335883,Провайдер В,satellite,10,2
VKO-KAT-005,KAT,"КГУ ""Белкарагайская СШ им.Оралхана Бокея""","с. Белкарагай, Бейбитшилик 43",85.296810,49.188045,Провайдер В,satellite,10,2
VKO-KAT-006,KAT,"КГУ ""Берельская средняя школа""","с. Берель, Актан 7",86.432101,49.372791,Провайдер В,satellite,10,2
VKO-KAT-007,KAT,"КГУ ""Енбекская СШ имени СадыкаТукибаева""","с. Енбек, Садыка Тукебаева 26",86.130465,49.192149,Провайдер В,satellite,10,2
VKO-KAT-008,KAT,"КГУ ""Язовинская начальная школа""","с. Жазаба, Орталық 2",85.274860,49.453032,Провайдер В,satellite,10,2
VKO-KAT-009,KAT,"КГУ ""Жамбылская средняя школа""","с. Жамбыл, Жастар 48",86.310241,49.239555,Провайдер В,satellite,10,2
VKO-KAT-010,KAT,"КГУ ""Жана- Ульгинская ОСШ""","с. Жана-Ульга, Тайсаринова 100",85.772227,49.177428,Провайдер В,satellite,10,2
VKO-KAT-011,KAT,"КГУ ""Кабыргинская основная средняя школа""","с. Кабырга, Бирлик 44",85.705426,49.161408,Провайдер В,satellite,10,2
VKO-KAT-012,KAT,"КГУ ""Каиндинская ОСШ""","с. Кайынды, - 1909",86.196050,49.224072,Провайдер В,satellite,10,2
VKO-KAT-013,KAT,"КГУ ""СШ имени Сейткамзы Ластаева""","с. Катон-Карагай, С.Торайгырова 7",85.595514,49.175288,Провайдер А,fiber,50,50
VKO-KAT-014,KAT,КГУ «СШ имени Рыкова»,"с. Катон-Карагай, Б.Момышұлы 7",85.600466,49.172648,Провайдер Б,adsl,20,1
VKO-KAT-015,KAT,"КГУ ""Коробихинская СШ""","с. Коробиха, Кольцевая 16",85.057849,49.463310,Провайдер В,satellite,10,2
VKO-KAT-016,KAT,"КГУ ""Кызыл -Жулдызская основная средняя школа""","с. Кызылжулдыз, Кызыл- Жулдуз 5",86.006873,49.213497,Провайдер В,satellite,10,2
VKO-KAT-017,KAT,"КГУ ""Топкаинская СШ""","с. Топкаин, Есимхана 16",85.426457,49.191747,Провайдер В,satellite,10,2
VKO-KAT-018,KAT,"КГУ ""Урыльская СШ""","с. Урыль, Мерқазы Бекпау 3",86.340544,49.243395,Провайдер Б,adsl,20,1
VKO-KAT-019,KAT,"КГУ ""Ушбулакская НШ""","с. Ушбулак, Ушбулак 10",85.220629,49.396793,Провайдер В,satellite,10,2
VKO-KAT-020,KAT,"КГУ ""Шынгыстайская средняя школа им.Абдыкерима","с. Шынгыстай, Баекина 2",85.860571,49.183893,Провайдер Б,adsl,20,1
VKO-KAT-021,KAT,"КГУ ""Первомайская СШ""","с. Прибрежное, 3 14",85.853043,49.397803,Провайдер В,satellite,10,2
VKO-KUR-001,KUR,"КГУ ""Аксуатская ОСШ""","с. Аксуат, М.Егинбайулы 40",83.696808,48.221536,Провайдер В,satellite,10,2
VKO-KUR-002,KUR,"КГУ ""Акчийская ОСШ""","с. Акчий, Ақжал 4051",84.880706,48.605747,Провайдер В,satellite,10,2
VKO-KUR-003,KUR,"КГУ ""Алгабасская СШ""","с. Алгабас, Школьная 37а",83.651127,48.570013,Провайдер Б,adsl,20,1
VKO-KUR-004,KUR,"КГУ ""Монукойская ОСШ""","с. Аманат, Орталык 39",84.415174,47.999496,Провайдер В,satellite,10,2
VKO-KUR-005,KUR,"КГУ ""Барак батырская основная средняя школа""","с. Барак батыра, школьная №1",84.807500,48.453202,Провайдер В,satellite,10,2
VKO-KUR-006,KUR,"КГУ ""Бирликская ОСШ""","с. Бирлик, Төле би 6",83.823837,48.588051,Провайдер В,satellite,10,2
VKO-KUR-007,KUR,"КГУ ""Бурабайская СШ""","с. Бурабай, Улан 35",84.168695,48.663810,Провайдер В,satellite,10,2
VKO-KUR-008,KUR,"КГУ ""Жолнускауская ОСШ""","с. Жолнускау, Орталық 36",83.959032,48.132770,Провайдер В,satellite,10,2
VKO-KUR-009,KUR,"КГУ ""Кайындинская ОСШ""","с. Кайынды, Школьная 1",83.530548,48.848887,Провайдер В,satellite,10,2
VKO-KUR-010,KUR,"КГУ ""Каратогайская СШ""","с. Каратогай, МУКАНОВА 2",84.478009,48.393561,Провайдер В,satellite,10,2
VKO-KUR-011,KUR,"КГУ ""Койтасская основная средняя школа""","с. Койтас, Мектеп 13А",84.346376,48.679438,Провайдер В,satellite,10,2
VKO-KUR-012,KUR,"КГУ ""Куйганская средняя школа""","с. Куйган, Жакиянова 47",83.505814,48.672976,Провайдер В,satellite,10,2
VKO-KUR-013,KUR,"КГУ ""Курчумская СШ №1 имени Ю.А.Гагарина""","с. Курчум, Бауыржана Момышулы 103",83.651192,48.570074,Провайдер А,fiber,50,50
VKO-KUR-014,KUR,"КГУ ""Курчумская СШ №4 имени Н.Островского""","с. Курчум, Духовича 20",83.650416,48.570307,Провайдер А,fiber,50,50
VKO-KUR-015,KUR,"КГУ ""Курчумская СШ №5""","с. Курчум, Токаева 31",83.650276,48.567800,Провайдер Б,adsl,20,1
VKO-KUR-016,KUR,"КГУ ""Курчумская гимназия №3""","с. Курчум, Барак батыра 1А",83.647372,48.564442,Провайдер А,fiber,50,50
VKO-KUR-017,KUR,"КГУ ""Кыстау-Курчумская ОСШ""","с. Курчумкистауы, Орталык 46",84.515722,48.673966,Провайдер В,satellite,10,2
VKO-KUR-018,KUR,"КГУ ""Маралдинская средняя школа""","с. Маралды, Ш,Уалиханов 30",84.701354,48.772784,Провайдер В,satellite,10,2
VKO-KUR-019,KUR,"КГУ ""Сарыоленская СШ имени Шокана Уалиханова""","с. Сарыолен, Школьная 16",83.848655,48.571572,Провайдер Б,adsl,20,1
VKO-KUR-020,KUR,"КГУ ""Теректыбулакская СШ""","с. Теректыбулак, Профсоюзная 6",84.040039,48.666396,Провайдер В,satellite,10,2
VKO-KUR-021,KUR,"КГУ ""Ушбулакская ОСШ""","с. Ушбулак, Абая 56",84.954830,48.773460,Провайдер В,satellite,10,2
VKO-KUR-022,KUR,"КГУ ""Шанагатинская начальная школа""","с. Шаганатты, Шарип 46",83.655443,48.564970,Провайдер В,satellite,10,2
VKO-KUR-023,KUR,"КГУ ""Тоскаинская СШ""","с. Тоскаин, Кабинская 1А",84.206074,48.779035,Провайдер В,satellite,10,2
VKO-MAR-001,MAR,"КГУ ""Акбулакская основная средняя школа""","с. Акбулак, школа 2",85.004945,48.465960,Провайдер В,satellite,10,2
VKO-MAR-002,MAR,"КГУ ""Игиликская ОСШ""","с. Игилик, Атаусыз №16 61",84.729674,47.892258,Провайдер В,satellite,10,2
VKO-MAR-003,MAR,"КГУ ""Такырская ОСШ""","с. Такыр, Школьная 4",84.968701,48.148470,Провайдер В,satellite,10,2
VKO-MAR-004,MAR,"КГУ ""ОСШ имени Ж.Малдыбаева""","с. Шенгельды, Школьная 4324",84.635065,47.901441,Провайдер В,satellite,10,2
VKO-MAR-005,MAR,"КГУ ""Акжайлауская основная средняя школа""","с. Акжайлау, Атаусыз 2 80",85.963232,48.598411,Провайдер В,satellite,10,2
VKO-MAR-006,MAR,"КГУ ""Гимназия имени Кумаша Нургалиева""","с. Буран, К.Нургалиева 20",85.198508,48.003765,Провайдер Б,adsl,20,1
VKO-MAR-007,MAR,"Школа, с. Жанааул, Атаусыз 14 1","с. Жанааул, Атаусыз 14 1",85.199856,48.139956,Провайдер В,satellite,10,2
VKO-MAR-008,MAR,"КГУ ""Кайнарлинская основная средняя школа""","с. Кайнарлы, школьная 1",85.508343,48.438308,Провайдер В,satellite,10,2
VKO-MAR-009,MAR,"КГУ ""Калжырская СШ""","с. Калжыр, Нурмуханова 16",85.169363,48.136992,Провайдер Б,adsl,20,1
VKO-MAR-010,MAR,"КГУ ""Каройская СШ""","с. Караой, Мектеп 53",85.377455,48.385752,Провайдер В,satellite,10,2
VKO-MAR-011,MAR,"КГУ ""Карачиликская основная средняя школа""","с. Карашилик, Асанова 26",85.518385,48.208285,Провайдер В,satellite,10,2
VKO-MAR-012,MAR,"КГУ ""Маркакольская СШ №1""","с. Маркаколь, А.Крахмаля 53",85.732414,48.427751,Провайдер А,fiber,50,50
VKO-MAR-013,MAR,"КГУ ""Школа-интернат-колледж села Маркаколь""","с. Маркаколь, П.Журба 42",85.732824,48.432537,Провайдер Б,adsl,20,1
VKO-MAR-014,MAR,"КГУ ""Право-Усть Калжырская НШ""","с. Правый Усть-Кальжыр, БЕРЕГОВАЯ 27",85.174348,48.011304,Провайдер В,satellite,10,2
VKO-MAR-015,MAR,"КГУ ""Урунхайская ОСШ""","с. Урунхайка, Атаусыз №12 3529",86.026472,48.782723,Провайдер В,satellite,10,2
VKO-SAM-001,SAM,"КГУ «Комплекс ""Школа-детский сад села Аққала»","с. Аккала, Октябрьская 46А",82.978294,48.858021,Провайдер Б,adsl,20,1
VKO-SAM-002,SAM,"Школа, с. Бастауши, Абая 4","с. Бастауши, Абая 4",83.257617,48.877709,Провайдер Б,adsl,20,1
VKO-SAM-003,SAM,КГУ «Жанажольская начальная малокомплектная школа»,"с. Жанажол, Атамекен 15",83.037615,48.840644,Провайдер Б,radio,10,10
VKO-SAM-004,SAM,КГУ «Джумбинская основная школа»,"с. Жўмба, Школьная 24",82.803422,49.008825,Провайдер Б,radio,10,10
VKO-SAM-005,SAM,КГУ «Каракольская основная школа»,"с. Каракол, Коммунаров 2а",83.657906,49.364655,Провайдер Б,radio,10,10
VKO-SAM-006,SAM,"КГУ ""Караоткельская основная школа""","с. Караткуль, Кирова 12",83.118465,48.655592,Провайдер Б,radio,10,10
VKO-SAM-007,SAM,КГУ «Кокжутинская средняя школа»,"с. Кокжота, Жұбандық Болғанбаев көшесі 34",83.289268,48.833518,Провайдер Б,radio,10,10
VKO-SAM-008,SAM,"КГУ ""Амангельдинская средняя школа""","с. Кокжыра, Ыбырай Алтынсарин 6",83.384401,48.931676,Провайдер Б,radio,10,10
VKO-SAM-009,SAM,КГУ «Казнаковская средняя школа»,"с. Кулынжон, Шәкәрім 30",83.331601,48.882160,Провайдер Б,adsl,20,1
VKO-SAM-010,SAM,КГУ «Мариногорская средняя школа»,"с. Мариногорка, Абай 65",83.035812,48.944630,Провайдер Б,radio,10,10
VKO-SAM-011,SAM,КГУ «Миролюбовская средняя школа»,"с. Миролюбовка, Асламова 43",83.562321,49.026667,Провайдер Б,radio,10,10
VKO-SAM-012,SAM,"КГУ ""Основная школа имени Сергея Седнева""","с. Палатцы, Советская 15А",83.727557,49.143225,Провайдер Б,radio,10,10
VKO-SAM-013,SAM,КГУ «Основная школа имени Ивана Яроцкого»,"с. Подгорное, Фонова 2",83.803570,49.254826,Провайдер Б,radio,10,10
VKO-SAM-014,SAM,"КГУ ""Раздольненская основная школа""","с. Раздольное, Бейбітшілік 59А",83.511441,49.058286,Провайдер Б,radio,10,10
VKO-SAM-015,SAM,КГУ «Самарская начальная школа»,"с. Самарское, Асламова 18",83.368777,49.025113,Провайдер Б,radio,10,10
VKO-SAM-016,SAM,КГУ «Самарская средняя школа №1»,"с. Самарское, Мира 14",83.364429,49.017413,Провайдер А,fiber,50,50
VKO-SAM-017,SAM,КГУ «Самарская средняя школа-лицей имени Ж.Болганбаева»,"с. Самарское, Горохова 55",83.358711,49.026248,Провайдер А,fiber,50,50
VKO-SAM-018,SAM,КГУ «Сарыбельская средняя школа»,"с. Сарыбел, Алтынсарина 20",84.040823,49.106821,Провайдер Б,radio,10,10
VKO-SAM-019,SAM,КГУ «Пантелеймоновская основная школа»,"с. Шубаркайын, Достық 5",83.266000,49.155558,Провайдер Б,radio,10,10
VKO-TAR-001,TAR,"КГУ ""СШ имени Абая""","с. Акжар, Байжігіт 65",83.688859,47.589514,Провайдер А,fiber,50,50
VKO-TAR-002,TAR,"КГУ ""Школа-лицей имени К.Билялова""","с. Акжар, А.Мухамадиева 1",83.684036,47.581494,Провайдер Б,adsl,20,1
VKO-TAR-003,TAR,"КГУ ""СШ Акмектеп""","с. Акмектеп, АКМЕКТЕП 1 25",83.430802,47.848289,Провайдер В,satellite,10,2
VKO-TAR-004,TAR,"КГУ ""Комплекс школа-детский сад Асусай""","с. Асусай, М.Дулатова 1/1",83.753944,47.256118,Провайдер В,satellite,10,2
VKO-TAR-005,TAR,"КГУ ""Комплекс школа-детский сад имени Динмухамеда Конаева""","с. Ахметбулак, Даулетбай 53",84.189112,47.046148,Провайдер В,satellite,10,2
VKO-TAR-006,TAR,"КГУ ""СШ имени Г.Мусрепова""","с. Байтогас, Байтоғас 109",83.823611,47.883888,Провайдер В,satellite,10,2
VKO-TAR-007,TAR,"КГУ ""Комплекс школа-детский сад имени Даулетбая""","с. Даулетбай, А.Мухаметжанова 27",83.951330,47.339060,Провайдер В,satellite,10,2
VKO-TAR-008,TAR,"КГУ ""Комплекс школа-сад имени С.Кобеева""","с. Жаланаш, Н.Калиева 3",83.287402,47.326242,Провайдер В,satellite,10,2
VKO-TAR-009,TAR,"КГУ ""Комплекс школа-детский сад имени Жамбыла""","с. Жамбыл, Иманбекова 21",83.503810,47.560252,Провайдер В,satellite,10,2
VKO-TAR-010,TAR,"КГУ ""СШ имени Кабдена Акынова""","с. Жанаауыл, Кенжебаева 3",84.113473,47.220221,Провайдер Б,adsl,20,1
VKO-TAR-011,TAR,"КГУ ""Жаналыкская СШ имени С. Сейфуллина""","с. Жаналык, Курмангазы 1",83.805564,47.518743,Провайдер В,satellite,10,2
VKO-TAR-012,TAR,"КГУ ""Средняя школа Жанаталап""","с. Жанаталап, Қожахметов 1",84.050246,47.113615,Провайдер В,satellite,10,2
VKO-TAR-013,TAR,"КГУ ""Начальная школа ""Жангызтал""","с. Жангызтал, М.Ауэзова 2",83.606980,47.544790,Провайдер В,satellite,10,2
VKO-TAR-014,TAR,"КГУ ""Комплекс школа-детский сад Жетіарал""","с. Жетыарал, Жетыарал 19",83.733118,47.480048,Провайдер Б,adsl,20,1
VKO-TAR-015,TAR,"КГУ ""СШ имени К.Тогисова""","с. Кабанбай, К.Сатпаева 22",83.571050,47.868809,Провайдер Б,adsl,20,1
VKO-TAR-016,TAR,"КГУ ""ОШ имени С.Торайгырова""","с. Камысты, Ш.Уалиханова 39",83.664633,47.356276,Провайдер В,satellite,10,2
VKO-TAR-017,TAR,"КГУ ""НШ ""Карой""","с. Караой, Карой 1 15",83.052170,47.983600,Провайдер В,satellite,10,2
VKO-TAR-018,TAR,"КГУ ""СШ имени Касыма Кайсенова","с. Карасу, -С. Торайгырова -6",83.435899,47.742207,Провайдер Б,adsl,20,1
VKO-TAR-019,TAR,"КГУ ""СШ Куйган""","с. Куйган, С.Торайгырова 65",83.535225,47.451395,Провайдер Б,adsl,20,1
VKO-TAR-020,TAR,"КГУ ""СШ имени А.Байтурсынова""","с. Манырак, Даулетбая 20",83.863751,47.428408,Провайдер Б,adsl,20,1
VKO-TAR-021,TAR,"КГУ ""ОСШ имени Б.Момышулы""","с. Сарыолен, Кабанбай батыра 25",84.090321,47.281632,Провайдер В,satellite,10,2
VKO-TAR-022,TAR,"КГУ ""ОСШ имени Т.Токтарова""","с. Тауке, Толе би 6/1",83.522401,47.847856,Провайдер В,satellite,10,2
VKO-TAR-023,TAR,"КГУ ""Средняя школа имени Т.Рыскулова""","с. Тугыл, Советская 7",84.203623,47.729204,Провайдер А,fiber,50,50
VKO-TAR-024,TAR,"КГУ ""Средняя школа имени Ш.Уалиханова""","с. Тугыл, Алтынсарина 0",84.203528,47.729204,Провайдер А,fiber,50,50
VKO-TAR-025,TAR,"КГУ ""СШ имени Ы.Алтынсарина""","с. Шорга, Толе би 3А",83.566510,47.922059,Провайдер Б,adsl,20,1
VKO-ULA-001,ULA,"КГУ ""Канайская СШ""","с. Новая Канайка, Минай Даменұлы 1",82.102261,49.868579,Провайдер Б,radio,10,10
VKO-ULA-002,ULA,"КГУ ""Азовская средняя школа""","с. Ново-Азовое, Советская 20",81.722294,50.201283,Провайдер Б,radio,10,10
VKO-ULA-003,ULA,"КГУ ""СШ имени Базылбека Ахметова""","с. Ново-Одесское, Образцовая 46/1",82.311984,50.018491,Провайдер Б,adsl,20,1
VKO-ULA-004,ULA,"Школа, с. Айыртау, Т.Сембаева 19","с. Айыртау, Т.Сембаева 19",82.264992,49.836244,Провайдер Б,adsl,20,1
VKO-ULA-005,ULA,"КГУ ""СШ имени Какена Аханова""","с. Алгабас, Орталык 51",82.546127,49.458697,Провайдер Б,radio,10,10
VKO-ULA-006,ULA,"КГУ ""СШ имени Абая""","с. Алмасай, Кабанбай Батыр 1",82.444281,49.793765,Провайдер Б,adsl,20,1
VKO-ULA-007,ULA,"КГУ ""Асубулакская средняя школа""","с. Асубулак, Мира 46",82.997574,49.541394,Провайдер Б,adsl,20,1
VKO-ULA-008,ULA,"КГУ ""ОШ имени Амангельды""","с. Баяш Утепов, Сібе 61",82.506980,49.676740,Провайдер Б,radio,10,10
VKO-ULA-009,ULA,"КГУ ""Бестерекская средняя школа""","с. Бестерек, - 19/1",82.682689,49.641702,Провайдер Б,radio,10,10
VKO-ULA-010,ULA,"КГУ ""Средняя школа Бозанбай""","с. Бозанбай, С.Муканова 1Б",82.414604,49.530995,Провайдер Б,adsl,20,1
VKO-ULA-011,ULA,"КГУ ""ОШ имени М.Таенова""","с. Верхние Таинты, Бекбосынова 25",83.054242,49.404013,Провайдер Б,radio,10,10
VKO-ULA-012,ULA,"КГУ ""СШ имени Мухтара Ауэзова""","с. Восточное, Школьная 2",82.194563,50.132506,Провайдер Б,radio,10,10
VKO-ULA-013,ULA,"КГУ ""Гагаринская СШ""","с. Гагарино, Школьная 15",81.847988,50.145546,Провайдер Б,radio,10,10
VKO-ULA-014,ULA,"КГУ ""Герасимовская средняя школа""","с. Герасимовка, А.Я.Гутова 30А",82.518245,49.707151,Провайдер Б,adsl,20,1
VKO-ULA-015,ULA,"КГУ ""Школа-детский сад имени Т.Тохтарова""","с. Донское, Победы 15",82.259000,50.083342,Провайдер Б,adsl,20,1
VKO-ULA-016,ULA,"КГУ ""ОШ имени Ш.Башикова""","с. Жанузак, Достық 18",82.174470,49.685960,Провайдер Б,radio,10,10
VKO-ULA-017,ULA,"КГУ ""СШ имени К. Кайсенова""","с. Изгутты Айтыков, Варепа 24/1",82.717616,49.576306,Провайдер Б,radio,10,10
VKO-ULA-018,ULA,"КГУ ""Каменская СШ""","с. Каменка, Центральная 1",81.876798,49.925300,Провайдер Б,radio,10,10
VKO-ULA-019,ULA,"КГУ ""Средняя школа имени Р.Марсекова""","с. Касыма Кайсенова, Жалын 1/1",82.491484,49.877838,Провайдер А,fiber,50,50
VKO-ULA-020,ULA,"КГУ ""Средняя школа поселка Касыма Кайсенова""","с. Касыма Кайсенова, Квартал 4-ой очереди строительства 1942",82.490280,49.875958,Провайдер А,fiber,50,50
VKO-ULA-021,ULA,"КГУ ""СШ имени М. Ломоносова""","с. Мамай батыра, Ленина 48",82.610204,49.762115,Провайдер Б,adsl,20,1
VKO-ULA-022,ULA,"КГУ ""Основная школа имени Акжолова""","с. Манат, нет названия 19",83.176790,49.378685,Провайдер Б,radio,10,10
VKO-ULA-023,ULA,"КГУ ""Средняя школа имени Н.Лут""","с. Митрофановка, Е.Токпанова 14/1",81.651037,50.120692,Провайдер Б,radio,10,10
VKO-ULA-024,ULA,"КГУ ""ОШ имени Сейфуллина""","с. Огневка, К.Сатпаева 1",83.017480,49.682472,Провайдер Б,radio,10,10
VKO-ULA-025,ULA,"КГУ ""Привольненская средняя школа","с. Привольное, М.Кожанова 1/1",81.552126,50.108290,Провайдер Б,adsl,20,1
VKO-ULA-026,ULA,"КГУ ""Пролетарская основная школа""","с. Пролетарка, Центральная 33",82.061060,50.070853,Провайдер Б,radio,10,10
VKO-ULA-027,ULA,"КГУ ""СШ имени А.С. Пушкина""","с. Сагыр, Абылайхана 70",82.660881,49.719482,Провайдер Б,adsl,20,1
VKO-ULA-028,ULA,"КГУ ""Таврическая СШ""","с. Таврическое, Песчаная 60/1",82.046480,50.170934,Провайдер А,fiber,50,50
VKO-ULA-029,ULA,"КГУ ""Комплекс СШ-детский сад имени И. Айтыкова""","с. Таргын, Нургалиева 22",82.834756,49.495180,Провайдер Б,adsl,20,1
VKO-ULA-030,ULA,"КГУ ""Тройницкая основная школа""","с. Тройницкое, Средняя 1",81.749602,49.932127,Провайдер Б,radio,10,10
VKO-ULA-031,ULA,"КГУ ""Комплекс Украинская средняя школа-детский сад""","с. Украинка, Школьная 24",82.416958,50.022053,Провайдер Б,adsl,20,1
VKO-ULA-032,ULA,"КГУ ""СШ имени С.Аманжолова""","с. Уланское, Аманжолова 36/2",82.222360,49.741340,Провайдер Б,adsl,20,1
VKO-UNR-001,UNR,"КГУ ""Ново-Хайрузовская СШ""","с. Ново-Хайрузовка, Мұхтар Әуезов 2",84.344997,49.259951,Провайдер Б,adsl,20,1
VKO-UNR-002,UNR,"КГУ ""Новополяковская СШ""","с. Новополяковка, Абая 27",84.692720,49.479418,Провайдер В,satellite,10,2
VKO-UNR-003,UNR,"КГУ ""Алтынбельская средняя школа""","с. Алтынбел, Абая 1",84.859993,49.202200,Провайдер В,satellite,10,2
VKO-UNR-004,UNR,"КГУ ""Балгынская основная средняя школа""","с. Балгын, Школьная 1",84.559001,49.148474,Провайдер В,satellite,10,2
VKO-UNR-005,UNR,"КГУ ""Жулдузская ОСШ""","с. Жулдыз, Мектеп 1",84.582284,49.177794,Провайдер В,satellite,10,2
VKO-UNR-006,UNR,"КГУ ""Кокбастауская средняя школа""","с. Кокбастау, Абая 1",84.661747,49.198892,Провайдер В,satellite,10,2
VKO-UNR-007,UNR,"КГУ ""Коктерекская СШ""","с. Коктерек, Кусметова 36",84.473188,49.112366,Провайдер В,satellite,10,2
VKO-UNR-008,UNR,"КГУ ""Майемерская СШ""","с. Майемер, Тайбуга Батыр 1",84.976781,49.177956,Провайдер В,satellite,10,2
VKO-UNR-009,UNR,"КГУ ""Малонарымская СШ""","с. Мало Нарымка, Тәуелсіздік 1",84.740122,49.257694,Провайдер В,satellite,10,2
VKO-UNR-010,UNR,"КГУ ""Сенновская ОСШ""","с. Сенное, Тәуелсіздік 10",84.513691,49.214395,Провайдер В,satellite,10,2
VKO-UNR-011,UNR,"КГУ ""Солдатовская СШ""","с. Солдатово, Тәуелсіздік 5",85.074971,49.216360,Провайдер В,satellite,10,2
VKO-UNR-012,UNR,"КГУ ""Солоновская средняя школа""","с. Солоновка, Капышева 33",84.754796,49.302303,Провайдер В,satellite,10,2
VKO-UNR-013,UNR,"КГУ ""Средняя школа им.К.Дамитова""","с. Улкен Нарын, Гагарина 20/А",84.508260,49.216642,Провайдер А,fiber,50,50
VKO-UNR-014,UNR,"КГУ ""Улкен Нарынская СШ""","с. Улкен Нарын, Шулятикова 64",84.503851,49.212182,Провайдер А,fiber,50,50
VKO-UNR-015,UNR,"КГУ ""Улкен Нарынский сельский лицей""","с. Улкен Нарын, Амангелды 70",84.503938,49.212442,Провайдер Б,adsl,20,1
VKO-UNR-016,UNR,"КГУ ""Уштобинская основная средняя школа""","с. Уштобе, Тоқтарова 3",84.824525,49.185577,Провайдер В,satellite,10,2
VKO-SHE-001,SHE,КГУ «Комплекс общеобразовательная средняя школа-ясли-детский сад №5 имени Ахмета Байтурсынова»,"г. Шемонаиха, Аврора 2",81.932649,50.633831,Провайдер А,fiber,100,100
VKO-SHE-002,SHE,КГУ «Общеобразовательная средняя школа №3 имени Ю.А.Гагарина»,"г. Шемонаиха, Жукова 4",81.937192,50.628038,Провайдер А,fiber,100,100
VKO-SHE-003,SHE,КГУ «Общеобразовательная средняя школа №4 имени Шакарима»,"г. Шемонаиха, Серикказы Бекбосынова 5",81.877639,50.622465,Провайдер А,fiber,100,100
VKO-SHE-004,SHE,КГУ «Общеобразовательная средняя школа-гимназия №1 имени Н.А.Островского»,"г. Шемонаиха, ЧАПАЕВА 44",81.912163,50.637519,Провайдер А,fiber,100,100
VKO-SHE-005,SHE,"Частная школа, г. Шемонаиха, микрорайон 3 7","г. Шемонаиха, микрорайон 3 7",81.935853,50.626964,Провайдер А,fiber,100,100
VKO-SHE-006,SHE,КГУ «Убинская общеобразовательная средняя школа»,"с. Новая Убинка, Новошкольная 2",81.734488,50.319865,Провайдер Б,radio,10,10
VKO-SHE-007,SHE,КГУ «Ново-Ильинская основная средняя школа»,"с. Ново-Ильинка, Центральная 92",82.010727,50.338499,Провайдер Б,radio,10,10
VKO-SHE-008,SHE,КГУ «Барашевская основная средняя школа»,"с. Барашки, Целинная 8",81.977396,50.225776,Провайдер Б,radio,10,10
VKO-SHE-009,SHE,КГУ «Большереченская общеобразовательная средняя школа»,"с. Большая речка, Школьная 20",82.371294,50.594651,Провайдер Б,radio,10,10
VKO-SHE-010,SHE,"КГУ ""Верх-Убинская средняя школа""","с. Верх-Уба, Школьная 4/1",82.417678,50.478563,Провайдер Б,adsl,20,1
VKO-SHE-011,SHE,КГУ «Общеобразовательная средняя школа имени Мухтара Ауэзова»,"с. Волчанка, Победы 1",82.143536,50.566890,Провайдер Б,adsl,20,1
VKO-SHE-012,SHE,КГУ «Выдрихинский комплекс общеобразовательная средняя школа-детский сад имени А.С.Иванова»,"с. Выдриха, А.С. Иванова 2",82.171952,50.515998,Провайдер Б,adsl,20,1
VKO-SHE-013,SHE,КГУ «Зевакинский комплекс общеобразовательная средняя школа-детский сад»,"с. Зевакино, ЛЕНИНА 72",81.871824,50.227271,Провайдер Б,adsl,20,1
VKO-SHE-014,SHE,КГУ «Камышинский комплекс общеобразовательная средняя школа-детский сад»,"с. Камышинка, Лазо 23",81.798439,50.570727,Провайдер Б,adsl,20,1
VKO-SHE-015,SHE,КГУ «Основная средняя школа имени Ыбырая Алтынсарина»,"с. Красная Шемонаиха, Новосельская 12",81.920127,50.685392,Провайдер Б,radio,10,10
VKO-SHE-016,SHE,КГУ «Октябрьская основная средняя школа»,"с. Луговое, Школьная 3",81.814138,50.742833,Провайдер Б,radio,10,10
VKO-SHE-017,SHE,КГУ «Ново-Жизненская основная средняя школа»,"с. Медведка, Центральная 24А",82.066776,50.671864,Провайдер Б,radio,10,10
VKO-SHE-018,SHE,КГУ «Октябрьский комплекс «Общеобразовательная средняя школа-детский сад»,"с. Октябрьское, Школьная 10",81.861622,50.644349,Провайдер Б,adsl,20,1
VKO-SHE-019,SHE,КГУ «Первомайский комплекс «Общеобразовательная средняя школа-детский сад имени Д.М.Карбышева»,"с. Первомайский, Металлургов 5",81.985646,50.256738,Провайдер А,fiber,50,50
VKO-SHE-020,SHE,"Школа, с. Половинка, Достық 8","с. Половинка, Достық 8",81.864798,50.583494,Провайдер Б,radio,10,10
VKO-SHE-021,SHE,КГУ «Пруггеровская основная средняя школа»,"с. Пруггерово, Школьная 25",81.751543,50.644214,Провайдер Б,radio,10,10
VKO-SHE-022,SHE,КГУ «Общеобразовательная средняя школа имени Чокана Валиханова»,"с. Рассыпное, Школьная 9",81.903953,50.485596,Провайдер Б,adsl,20,1
VKO-SHE-023,SHE,КГУ «Рулихинская общеобразовательная средняя школа»,"с. Рулиха, Школьная 13",81.990268,50.490218,Провайдер Б,adsl,20,1
VKO-SHE-024,SHE,КГУ «Сугатовский комплекс «Общеобразовательная средняя школа-детский сад»,"с. Сугатовка, Школьная 2",81.711294,50.675343,Провайдер Б,adsl,20,1
VKO-SHE-025,SHE,КГУ «Общеобразовательная средняя школа имени И.М.Астафьева»,"с. Усть-Таловка, Школьная 2",81.849940,50.549714,Провайдер А,fiber,50,50
